{"w": [-0.578132462427741, 0.11088760591222886, 1.4167391261129125], "i": -1.696757879709485}