{"w": [-0.11492526950611422, 0.044143152320874346, 0.5745916039433981], "i": -3.140857543046786}