{"w": [-0.5107408642979628, 0.3183005547682906, 1.1045620458329213], "i": -0.7434766608247968}